{"cameraMode":{"drawMode":0,"name":"Shaded","section":"Shading Mode"},"sceneLighting":true,"audioPlay":false,"sceneViewState":{"m_AlwaysRefresh":false,"showFog":true,"showSkybox":true,"showFlares":true,"showImageEffects":true,"showParticleSystems":true,"showVisualEffectGraphs":true,"m_FxEnabled":true},"in2DMode":false,"pivot":{"x":2.1103854179382326,"y":0.8235487937927246,"z":-1.6755321025848389},"rotation":{"x":0.6450427770614624,"y":0.13891324400901795,"z":-0.12077008187770844,"w":0.7416893839836121},"size":3.9589643478393556,"orthographic":true}